{"cameraMode":{"drawMode":0,"name":"Shaded","section":"Shading Mode"},"sceneLighting":false,"audioPlay":false,"sceneViewState":{"m_AlwaysRefresh":false,"showFog":true,"showSkybox":false,"showFlares":true,"showImageEffects":true,"showParticleSystems":true,"showVisualEffectGraphs":true,"m_FxEnabled":true},"in2DMode":false,"pivot":{"x":0.06319443881511688,"y":2.2809998989105226,"z":2.633298635482788},"rotation":{"x":0.09562060236930847,"y":0.7023980617523193,"z":-0.09611938148736954,"w":0.698752224445343},"size":0.6039614677429199,"orthographic":true}